SectionIdA,SectionIdB,Type
T01-FA-MUSC104-A,T01-FA-MUSC105-A,Instructor
T03-FA-MUSC104-A,T03-FA-MUSC105-A,Room
T04-FA-MUSC104-A,T04-FA-MUSC105-A,Instructor
T04-FA-MUSC104-A,T04-FA-MUSC105-A,Room
T07-FA-MUSC104-A,T07-FA-MUSC106-A,Instructor
T07-FA-MUSC105-A,T07-FA-MUSC106-A,Instructor
T09-FA-MUSC104-A,T09-FA-MUSC105-A,Instructor
T10-FA-MUSC104-A,T10-FA-MUSC105-A,Instructor
T11-FA-MUSC104-A,T11-FA-MUSC105-A,Wildcard
T14-FA-MUSC104-A,T14-FA-MUSC105-A,Instructor
T14-FA-MUSC104-A,T14-FA-MUSC105-A,Room
T16-FA-MUSC104-A,T16-FA-MUSC105-A,Instructor
